{
  "id": "",
  "name": "",
  "font_family": "iconfont",
  "css_prefix_text": "icon-",
  "description": "",
  "glyphs": [
    {
      "icon_id": "10995771",
      "name": "锁 1",
      "font_class": "suo",
      "unicode": "e60c",
      "unicode_decimal": 58892
    },
    {
      "icon_id": "10995780",
      "name": "用户",
      "font_class": "yonghu",
      "unicode": "e60e",
      "unicode_decimal": 58894
    },
    {
      "icon_id": "11372639",
      "name": "爱心",
      "font_class": "aixin",
      "unicode": "e8ab",
      "unicode_decimal": 59563
    },
    {
      "icon_id": "11372687",
      "name": "评论",
      "font_class": "pinglun",
      "unicode": "e8b4",
      "unicode_decimal": 59572
    },
    {
      "icon_id": "11372701",
      "name": "收藏",
      "font_class": "shoucang",
      "unicode": "e8b9",
      "unicode_decimal": 59577
    },
    {
      "icon_id": "14719535",
      "name": "消息  客服   信息  通知",
      "font_class": "xiaoxikefuxinxitongzhi",
      "unicode": "e60b",
      "unicode_decimal": 58891
    }
  ]
}
